Plot Number,Cultivar
1,unbekannt_1991
1,Rotwiler
1,Malzicher
1,Maigold
1,Selvatico
1,ACW_17220
1,Hans-Ueli-Apfel
1,Promme_Francaise
1,Lambertine
1,Douce_jaune
1,Hagenwyler
1,Jestetter
2,unbekannt_1517
2,ACW_11301
2,Langenfelder
2,Engelshofer
2,Gipswiler
2,Api_rose
2,Iduna
2,Seenger_Moosapfel
2,Zimtapfel
2,unbekannt_2028
2,Gawiler
2,Pom_Giascin
3,Belpberger
3,Sole_di_Sarone
3,Egelshofer
3,Schwyzerapfel
3,Pomme_de_Bleue
3,Sant'anna_regazzi
3,Breiter_Suess
3,Midonette
3,ACW_8099
3,unbekannt_1514
3,Suesser_Zilacher
3,unbekannt_1539
4,Odo006
4,Kanada_Reinette
4,unbekannt_1118
4,Cuir_de_boeufs
4,unbekannt_1516
4,Himbeerapfel
4,unbekannt=Jonathan_1580
4,Saemling
4,unbekannt_1743
4,Ernst_Bosch
4,Schaeferapfel
4,Pomme_ligler
5,Weisser_Gauwiler
5,roter_Haldenapfel
5,ACW_4860
5,Renetta_grigia
5,Eduard_Sieben
5,Calviner
5,Gigant
5,Ramnbour
5,Ilzener_Rosen
5,Obersuerler
5,Calvilla_rosso_d'autumno
5,unbekannt_1457
6,ACW_15097
6,Enterprise
6,Struebli
6,Kaister_Feldapfel
6,unbekannt_2207
6,unbekannt_1495
6,ACW_12556
6,Hediger
6,unbekannt_2054
6,Wagnerapfel
6,melo_sconosciuto_2789
6,Reinette_de_Posieux
7,Puntinata_di_Bigorio
7,Kitquap
7,Strichler
7,Suessapfel
7,ACW_11567
7,rote_Sternreinette
7,ACW_14812
7,Diacciola
7,Pupille=Schweizer_Orangen
7,Paradieser
7,Hauptmann_Lombach
7,Pomme_a_regain
8,Prob._Locale
8,ACW_6707
8,unbekannt_2045
8,Lederapfel_BL
8,Holzerapfel
8,Seegaessler
8,Cramoisie_de_Gascoyne
8,Meligro
8,Créson_Reinet
8,unbekannt_1579
8,Edelbreiter
8,Eierapfel
9,unbekannt_1811
9,Jakobli
9,Gieker
9,Modi
9,Wild_Balgacher
9,Fril
9,Fiaux
9,Carrée_de_Chézard
9,Zimtsuess
9,Sant'_Anna_rossa
9,unbek._Naegeler_1623
9,XII_A_236
10,Schoener_vom_Thale
10,Gravensteiner
10,Egger_Saemling
10,Buehlers_Erdbeerapfel
10,Cox_Korallo
10,Schoenapfel
10,Grise_ovale
10,Museau_de_Mouton
10,Reinette_de_Courgevaux
10,Engelshofer_Holzapfel
10,unbekannt_2081
10,unbekannt_2093
11,Gardiapfel
11,unbekannt_2112
11,Buntkaeppeler
11,Gruniker
11,unbekannt_2103
11,Franc_roseau
11,Guntalinger
11,unbekannt_2226
11,Zapfenapfel-Battlerapfel
11,Glasapfel
11,Lop002
11,Big35
12,Blaeuler
12,Steingruber
12,Botsache
12,Mela_banana_di_Lavanthaler
12,Gelber_Bellefleur
12,Pilomena
12,Kilacher
12,Rosmarin
12,Saemling_Siblingen
12,Latterbacher
12,Bovarde_tardive
12,Blanche
13,Reinette_de_Chevroux
13,unbekannt_2229
13,unbekannt_2042
13,Rot_Risler
13,Sauermittich
13,Gartenapfel
13,Seidler
13,Pomme_citron
13,ACW_13490
13,unbekannt_2026
13,Erler
13,Milxapfel
14,Edelgrauech
14,Suesse
14,ACW_16426
14,Edelsteiner_Steingruber
14,unbekannt_1813
14,Pigeonnière
14,Pomme_de_fer
14,Zuesigaertner
14,Frueher_Sauergrauech
14,Duellmener_Rosen
14,Gloire_du_Rhin
14,Ariwa
15,Gamser_Rosen
15,Roseneggler
15,Lungwiler
15,Illighauser_Holzapfel
15,Weissbreitech
15,Cag013
15,Croison
15,Spitzkasteler
15,Cag12
15,Zucchina
15,Rustica
15,Mannenbacher
16,Doucette
16,Tonhueebler
16,Rewena
16,Unbekannter_von_Ryf_1010
16,Christapfel
16,Niedzwetzkyana
16,Regenapfel
16,Burgundy
16,Eggapfel
16,Getterli
16,Meloque
16,Gippinger_Holzapfel
17,Friedli
17,Gala_Renge
17,Reinette_de_Ruswil
17,Chleisler
17,ACW_8259
17,Lederapfel
17,Somazzo_centrale
17,Buberger
17,Goro
17,Pomme_Midolette
17,Mâle
17,Schwabenapfel
18,Galmiz_Gauwiler
18,Beutchin
18,Schumacher
18,Pomme_Françoise
18,Heimenschwander
18,Saurer_Leder
18,Wachsapfel
18,Weissfraurotacher
18,Junker
18,unbekannt_1970
18,Golden_Del._Shay_4/4
18,Rosita
19,Schweizer_Alant
19,unbekannt_2215
19,Tréboux
19,Framboise_de_Montet
19,Sarganser
19,ACW_14617
19,Eggersrieter
19,Mela_framboise/Zlavia
19,Baenzeheiri
19,Birnenapfel
19,Boiken
19,Guekler
20,ACW_21805
20,Ormelia
20,Eggerapfel
20,Suesser_Pfaffenapfel
20,Buschapfel
20,Spitzorech
20,Pettinghill
20,unbekannt_2174
20,Wiirot
20,Felchliger
20,Weissrosen
20,Faessliapfel
21,Herbstreinette_Eschenz
21,Gast_Karlis_Bananenapfel
21,Pirmenecher
21,Doerfliapfel
21,a_la_Inetta
21,Tricolore
21,Glanzreinette
21,Muellerapfel
21,Musa_gialla_cerosa
21,Kaspersgaertler
21,Cohau_rouge
21,Erdbeerapfel
22,Schafnase
22,unbekannt_2122
22,unbekannt_-_Boenchin_2217
22,Naegelimalzer
22,Oberstaldner_Wigger_Apfel
22,unbekannte_Lokalsorte_(Noetiapfel)_1114
22,rifuti
22,Golden_Del._Reinders
22,Weissapfel
22,Sallanches
22,Klingoehrli
22,Schmaelzler
23,Siebensuess
23,Botserin
23,Lambartli
23,Rayatte
23,Cilander
23,Arner_Weissapfel
23,Boelleoepfel
23,Cellini
23,Waeberhansli
23,Essigapfel
23,Gouillonne
23,Bernegger
24,Api_étoilée
24,Jakobsberger
24,Suesser_Zila
24,Bueppiapfel
24,Staffelbacher_Gravensteiner
24,Gapilatio
24,Gurwolfer
24,Saemling_Ernst_Bosch
24,Althaeuser
24,Niederhelfenschwiler_Beerliapfel
24,Hans_Ulrichs_Apfel
24,unbekannt_1593
25,Beeriapfel
25,unbekannt_2079
25,Spaetlauber
25,Zitronenreinette
25,Grossherzog_Friedrich_von_Baden
25,Gisinapfel
25,Erdbeerler
25,Brunner
25,unbekannt_2048
25,unbekannt_1909
25,Grossaech
25,Pomme_d'Août
26,Naegeli
26,Edelchruesler
26,unbekannt_1596
26,Coeur_de_pigeon
26,unbekannt_1987
26,Gontenschwiler
26,Sal147
26,unbekannt_2063
26,Froideville
26,Ruggine
26,Gisluz/Sepplapfel
26,Matzaar
27,Hinterruetler
27,Battiorette
27,Die_Suessen
27,Reinacher
27,Bubenkopf
27,Douce_rouge
